df,AIC,model
6,211.742505983594,MainEff_ARP_DPrp_Dist
9,212.637763811787,ObsModExpYearFit2Int
8,214.587425235684,MainEff_DestPropSamp
8,214.634802417273,MainEff_AnnRecPart
8,215.623905033286,MainEff_dist_km
9,216.48424461259,ObsModExpYearFit1
8,218.237533729259,MainEff_SourcePropSamp
19,221.441960868719,ObsModExpYearFit3Int
7,223.828982819257,MainEff_YearSampled
7,228.268425532638,MainEff_direction
2,234.624041975531,NullMod
