"year","SimK","SimTheta","SimMDD","SimKurtosis","GenK","GenTheta","GenMDD","GenMedDispDist"
"2012",-1.82832583391893,1.25051006383453,10.1273278252185,15.5180267568702,-2.36,1.03,10.165093536493,7.13
"2013",-1.24214984632474,0.804756998889059,8.09184810583366,13.9679380739818,4.04,0.22,69.5862795352033,12.2
"2014",-1.92659611635496,1.24305853718644,26.3769638641928,86.415759984781,0.49,0.38,15.0375145672197,5.53
"all",-1.91942623186283,1.01467001686334,10.2198570849153,8.6354820113625,-2.51,1.49,8.15301575839203,6.44
