year,k,theta,mdd,med,dist90
2012-14,1.68043193286414,0.297854097768327,27.7664625255223,7.71,68.69
