year,k,theta,mdd,med,dist90
2012-14,-0.750165416480983,0.785785489923156,3.22282091266185,2.01,7.71
