year,k,theta,mdd,med,dist90
2012-4,1.680431933,0.297854098,27.76646253,7.71,68.69