season,k,theta,mdd,med,dist90
NEM,6.94846081808334,0.15,2755.86346279528,212.8,4810.04
SWM,-1.61896452170175,0.756520705956112,8.34137800510672,5.1,20.07
